{
  "condition": "minecraft:inverted",
  "term": {
    "condition": "minecraft:alternative",
    "terms": [
      {
        "condition": "minecraft:location_check",
        "predicate": {
          "dimension": "minecraft:overworld"
        }
      },
	  {
        "condition": "minecraft:location_check",
        "predicate": {
          "dimension": "minecraft:the_nether"
        }
      },
	  {
        "condition": "minecraft:location_check",
        "predicate": {
          "dimension": "minecraft:the_end"
        }
      }
    ]
  }
}